{
  "optimization_score_min": 0.07087557769756692,
  "optimization_score_max": 0.07087557769756692,
  "anonymization_time_ms": 7,
  "transformations": {
    "race": 0,
    "native-country": 1,
    "sex": 0,
    "age": 2
  },
  "number_of_equivalence_classes": 118,
  "average_equivalence_class_size": 252.77118644067798,
  "min_equivalence_class_size": 10,
  "max_equivalence_class_size": 4629,
  "number_of_suppressed_records": 1106,
  "discernibility_metric": 0.8971706347983073,
  "ambiguity_metric": 0.9636032913470974,
  "average_class_size_metric": 0.9922583509198967,
  "ssesst_metric": 0.24312714246189526,
  "record_level_squared_error_metric": 0.4146959435014571,
  "granularity_metric": {
    "age": 0.8479720507046498,
    "sex": 0.9642453043675039,
    "race": 0.9642453043676472,
    "native-country": 0.9359078985028614
  },
  "non_uniform_entropy_metric": {
    "age": 0.41768038673437347,
    "sex": 0.9616628525136722,
    "race": 0.9063697260194923,
    "native-country": 0.6976715535855291
  },
  "generalization_intensity_metric": {
    "age": 0.48212265218375194,
    "sex": 0.964245304367504,
    "race": 0.964245304367504,
    "native-country": 0.6428302029116066
  },
  "attribute_level_squared_error_metric": {
    "age": 0.9399541574691742,
    "sex": 0.964245304367504,
    "race": 0.9735215456492549,
    "native-country": 0.12136113034925977
  },
  "missings_metric": {
    "age": 0.035754695632496,
    "sex": 0.035754695632496,
    "race": 0.035754695632496,
    "native-country": 0.035754695632496
  },
  "experiment_id": "R3_k=10",
  "status": "success",
  "public_drop_columns": [
    "record_id"
  ],
  "public_csv_path": "C:\\Users\\Louis\\TER\\TER_v2\\ter_benchmark_starter_branch_24_04\\outputs\\campaigns\\attack_benchmark_v2\\releases\\R3_k=10\\anonymized\\R3_k=10.csv",
  "eval_csv_path": "C:\\Users\\Louis\\TER\\TER_v2\\ter_benchmark_starter_branch_24_04\\outputs\\campaigns\\attack_benchmark_v2\\releases\\R3_k=10\\anonymized_eval\\R3_k=10.csv",
  "fully_suppressed_drop_enabled": true,
  "fully_suppressed_qis": [
    "age",
    "sex",
    "race",
    "native-country"
  ],
  "n_rows_before_full_suppression_drop": 30933,
  "n_rows_dropped_full_suppression": 1106,
  "n_rows_after_full_suppression_drop": 29827
}