{
  "optimization_score_min": 0.06478797993862973,
  "optimization_score_max": 0.06478797993862973,
  "anonymization_time_ms": 12,
  "transformations": {
    "race": 0,
    "native-country": 1,
    "sex": 0,
    "age": 2
  },
  "number_of_equivalence_classes": 159,
  "average_equivalence_class_size": 188.8238993710692,
  "min_equivalence_class_size": 2,
  "max_equivalence_class_size": 4629,
  "number_of_suppressed_records": 910,
  "discernibility_metric": 0.903554728256836,
  "ambiguity_metric": 0.9699336701197855,
  "average_class_size_metric": 0.9943265307238702,
  "ssesst_metric": 0.25173273536043306,
  "record_level_squared_error_metric": 0.4182326072697077,
  "granularity_metric": {
    "age": 0.8535526604094941,
    "sex": 0.9705815795428829,
    "race": 0.9705815795430257,
    "native-country": 0.9419295676808668
  },
  "non_uniform_entropy_metric": {
    "age": 0.42177123938140837,
    "sex": 0.9689866304319631,
    "race": 0.9228141554352569,
    "native-country": 0.7221522327912381
  },
  "generalization_intensity_metric": {
    "age": 0.48529078977144147,
    "sex": 0.970581579542883,
    "race": 0.970581579542883,
    "native-country": 0.647054386361865
  },
  "attribute_level_squared_error_metric": {
    "age": 0.9453035781631689,
    "sex": 0.970581579542883,
    "race": 0.9786663115490895,
    "native-country": 0.12361595650711366
  },
  "missings_metric": {
    "age": 0.029418420457116956,
    "sex": 0.029418420457116956,
    "race": 0.029418420457116956,
    "native-country": 0.029418420457116956
  },
  "experiment_id": "R3_k=2",
  "status": "success",
  "public_drop_columns": [
    "record_id"
  ],
  "public_csv_path": "C:\\Users\\Louis\\TER\\TER_v2\\ter_benchmark_starter_branch_24_04\\outputs\\campaigns\\attack_benchmark_v2\\releases\\R3_k=2\\anonymized\\R3_k=2.csv",
  "eval_csv_path": "C:\\Users\\Louis\\TER\\TER_v2\\ter_benchmark_starter_branch_24_04\\outputs\\campaigns\\attack_benchmark_v2\\releases\\R3_k=2\\anonymized_eval\\R3_k=2.csv",
  "fully_suppressed_drop_enabled": true,
  "fully_suppressed_qis": [
    "age",
    "sex",
    "race",
    "native-country"
  ],
  "n_rows_before_full_suppression_drop": 30933,
  "n_rows_dropped_full_suppression": 910,
  "n_rows_after_full_suppression_drop": 30023
}