n_generalized_known_attrs,n_runs,stage1_median,stage1_mean,stage1_std,stage1_min,stage1_max,stage2_median,stage2_mean,stage2_std,stage2_min,stage2_max
0,9,32365.0,32021.11111111111,728.2242862683937,30556.0,32561.0,112.0,189.88888888888889,253.48345332804487,1.0,772.0
1,5,29271.0,24817.6,9861.885560074199,7177.0,29291.0,1.0,68.9,151.8290156722357,1.0,340.5
2,4,2084.0,2119.75,1501.957028901515,820.0,3491.0,3.5,247.0,488.66825829663486,1.0,980.0
3,7,5045.0,4406.857142857143,2433.326079571706,801.0,6842.0,4.0,147.85714285714286,251.9758113863502,1.0,634.0
4,8,1789.0,3059.5,3588.5537874907614,199.0,9232.0,11.0,127.4375,283.12130634613646,1.0,818.0
5,10,1245.5,1642.1,1374.0193634411094,439.0,5222.0,22.25,45.25,62.181298546177764,1.0,203.0
7,7,384.0,661.8571428571429,349.0446144222008,384.0,1074.0,17.5,98.5,138.0872308844425,1.0,298.0
